gene,CPTAC_Percent,CPTAC_N,AURORA_Percent,AURORA_N,Mean_Pct,Diff
BRIP1,66.66666666666666,3,52.63157894736842,19,59.649122807017534,14.03508771929824
