Threshold,Ratio
-2.0,1.1035653650254669
-1.5,3.729249198264478
-1.0,10.426098849273723
-0.5,24.95637615544237
